#SampleID	plate	Vial	Fruit	Treatment	Exp	gnorder	sortnumb	i7name	i5name	FruitGuess	gnorder2	axorder	fruit	protein	carbohydrate	ratio	protein2	carb2	ratio2	Water	Energy(AtwaterGeneralFactors)	Energy(AtwaterSpecificFactors)	Nitrogen	Protein3	Totallipid(fat)	Ash	Carbohydratebydifference	Carbohydratebysummation	ratio3sum	ratio3diff	Fibertotaldietary	Fibersoluble	Fiberinsoluble	Totaldietaryfiber(AOAC2011.25)	HighMolecularWeightDietaryFiber(HMWDF)	LowMolecularWeightDietaryFiber(LMWDF)	SugarsTotal	Sucrose	Glucose	Fructose	Lactose	Maltose	Galactose	Starch	Organicacids	Citricacid	Malicacid	CalciumCa	IronFe	MagnesiumMg	PhosphorusP	PotassiumK	SodiumNa	ZincZn	CopperCu	IodineI	ManganeseMn	MolybdenumMo	SeleniumSe	VitaminsandOtherComponents	VitaminCtotalascorbicacid	Thiamin	Riboflavin	Niacin	Pantothenicacid	VitaminB-6	Biotin	Folatetotal	VitaminARAE	Carotenebeta	cis-beta-Carotene	trans-beta-Carotene	Carotenealpha	Cryptoxanthinbeta	Carotenegamma	Cryptoxanthinalpha	Lycopene	cis-Lycopene	trans-Lycopene	Lutein+zeaxanthin	cis-Lutein/Zeaxanthin	Lutein	Zeaxanthin	VitaminK(phylloquinone)	VitaminK(Dihydrophylloquinone)	VitaminK(Menaquinone-4)	Aminoacids	Tryptophan	Threonine	Isoleucine	Leucine	Lysine	Methionine	Cystine	Phenylalanine	Tyrosine	Valine	Arginine	Histidine	Alanine	Asparticacid	Glutamicacid	Glycine	Proline	Serine
ec107	E	AS-AX-2	AS	AX	A	12	107	SB702	SA506	AS	12	12	acorn squash	1	10	0.1	NA	NA	NA	87.2	49	42	0.2	1.25	0.18	0.87	10.5	NA	0.119047619	NA	2.6	NA	NA	NA	NA	NA	NA	NA	NA	NA	NA	NA	NA	NA	NA	NA	NA	25	0.31	23.8	42	332	<2.5	0.29	0.087	NA	0.187	NA	NA	NA	NA	NA	NA	NA	NA	NA	NA	NA	NA	NA	NA	NA	NA	NA	NA	NA	NA	NA	NA	NA	NA	NA	NA	NA	NA	NA	NA	NA	NA	NA	NA	NA	NA	NA	NA	NA	NA	NA	NA	NA	NA	NA	NA	NA	NA
ec120	E	AS-G-4	AS	G	B	12	120	SB703	SA501	AS	12	12	acorn squash	1	10	0.1	NA	NA	NA	87.2	49	42	0.2	1.25	0.18	0.87	10.5	NA	0.119047619	NA	2.6	NA	NA	NA	NA	NA	NA	NA	NA	NA	NA	NA	NA	NA	NA	NA	NA	25	0.31	23.8	42	332	<2.5	0.29	0.087	NA	0.187	NA	NA	NA	NA	NA	NA	NA	NA	NA	NA	NA	NA	NA	NA	NA	NA	NA	NA	NA	NA	NA	NA	NA	NA	NA	NA	NA	NA	NA	NA	NA	NA	NA	NA	NA	NA	NA	NA	NA	NA	NA	NA	NA	NA	NA	NA	NA	NA
ec134	E	AS-AX-4	AS	AX	B	12	134	SB705	SA503	AS	12	12	acorn squash	1	10	0.1	NA	NA	NA	87.2	49	42	0.2	1.25	0.18	0.87	10.5	NA	0.119047619	NA	2.6	NA	NA	NA	NA	NA	NA	NA	NA	NA	NA	NA	NA	NA	NA	NA	NA	25	0.31	23.8	42	332	<2.5	0.29	0.087	NA	0.187	NA	NA	NA	NA	NA	NA	NA	NA	NA	NA	NA	NA	NA	NA	NA	NA	NA	NA	NA	NA	NA	NA	NA	NA	NA	NA	NA	NA	NA	NA	NA	NA	NA	NA	NA	NA	NA	NA	NA	NA	NA	NA	NA	NA	NA	NA	NA	NA
ec99	E	BA-G-2	BA	G	A	8	99	SB701	SA506	BA	8	18	banana	1	23	0.043478261	1.85	38.85	0.047619048	75.3	98	88	0.12	0.74	0.29	0.7	23	21.2	0.032173913	0.03490566	1.7	NA	NA	4.62	NA	NA	15.8	4.18	5.55	6.09	<0.25	<0.25	<0.1	3.66	0	341	369	5	<0.4	28	22	326	<4	0.16	0.101	<10	0.258	NA	<2.5	0	12.3	0.056	<0.1	0.662	NA	0.209	<0.004	14	1	8	1	7	7	0	NA	0	NA	0	0	NA	0	NA	NA	0.1	0	0	NA	NA	NA	NA	NA	NA	NA	NA	NA	NA	NA	NA	NA	NA	NA	NA	NA	NA	NA
ec109	E	BA-AX-1	BA	AX	A	8	109	SB702	SA504	BA	8	18	banana	1	23	0.043478261	1.85	38.85	0.047619048	75.3	98	88	0.12	0.74	0.29	0.7	23	21.2	0.032173913	0.03490566	1.7	NA	NA	4.62	NA	NA	15.8	4.18	5.55	6.09	<0.25	<0.25	<0.1	3.66	0	341	369	5	<0.4	28	22	326	<4	0.16	0.101	<10	0.258	NA	<2.5	0	12.3	0.056	<0.1	0.662	NA	0.209	<0.004	14	1	8	1	7	7	0	NA	0	NA	0	0	NA	0	NA	NA	0.1	0	0	NA	NA	NA	NA	NA	NA	NA	NA	NA	NA	NA	NA	NA	NA	NA	NA	NA	NA	NA
ec110	E	BA-AX-3	BA	AX	A	8	110	SB702	SA503	BA	8	18	banana	1	23	0.043478261	1.85	38.85	0.047619048	75.3	98	88	0.12	0.74	0.29	0.7	23	21.2	0.032173913	0.03490566	1.7	NA	NA	4.62	NA	NA	15.8	4.18	5.55	6.09	<0.25	<0.25	<0.1	3.66	0	341	369	5	<0.4	28	22	326	<4	0.16	0.101	<10	0.258	NA	<2.5	0	12.3	0.056	<0.1	0.662	NA	0.209	<0.004	14	1	8	1	7	7	0	NA	0	NA	0	0	NA	0	NA	NA	0.1	0	0	NA	NA	NA	NA	NA	NA	NA	NA	NA	NA	NA	NA	NA	NA	NA	NA	NA	NA	NA
ec123	E	BA-G-4	BA	G	B	8	123	SB704	SA506	BA	8	18	banana	1	23	0.043478261	1.85	38.85	0.047619048	75.3	98	88	0.12	0.74	0.29	0.7	23	21.2	0.032173913	0.03490566	1.7	NA	NA	4.62	NA	NA	15.8	4.18	5.55	6.09	<0.25	<0.25	<0.1	3.66	0	341	369	5	<0.4	28	22	326	<4	0.16	0.101	<10	0.258	NA	<2.5	0	12.3	0.056	<0.1	0.662	NA	0.209	<0.004	14	1	8	1	7	7	0	NA	0	NA	0	0	NA	0	NA	NA	0.1	0	0	NA	NA	NA	NA	NA	NA	NA	NA	NA	NA	NA	NA	NA	NA	NA	NA	NA	NA	NA
ec124	E	BA-G-5	BA	G	B	8	124	SB704	SA505	BA	8	18	banana	1	23	0.043478261	1.85	38.85	0.047619048	75.3	98	88	0.12	0.74	0.29	0.7	23	21.2	0.032173913	0.03490566	1.7	NA	NA	4.62	NA	NA	15.8	4.18	5.55	6.09	<0.25	<0.25	<0.1	3.66	0	341	369	5	<0.4	28	22	326	<4	0.16	0.101	<10	0.258	NA	<2.5	0	12.3	0.056	<0.1	0.662	NA	0.209	<0.004	14	1	8	1	7	7	0	NA	0	NA	0	0	NA	0	NA	NA	0.1	0	0	NA	NA	NA	NA	NA	NA	NA	NA	NA	NA	NA	NA	NA	NA	NA	NA	NA	NA	NA
ec125	E	BA-G-6	BA	G	B	8	125	SB704	SA504	BA	8	18	banana	1	23	0.043478261	1.85	38.85	0.047619048	75.3	98	88	0.12	0.74	0.29	0.7	23	21.2	0.032173913	0.03490566	1.7	NA	NA	4.62	NA	NA	15.8	4.18	5.55	6.09	<0.25	<0.25	<0.1	3.66	0	341	369	5	<0.4	28	22	326	<4	0.16	0.101	<10	0.258	NA	<2.5	0	12.3	0.056	<0.1	0.662	NA	0.209	<0.004	14	1	8	1	7	7	0	NA	0	NA	0	0	NA	0	NA	NA	0.1	0	0	NA	NA	NA	NA	NA	NA	NA	NA	NA	NA	NA	NA	NA	NA	NA	NA	NA	NA	NA
ec136	E	BA-AX-4	BA	AX	B	8	136	SB705	SA501	BA	8	18	banana	1	23	0.043478261	1.85	38.85	0.047619048	75.3	98	88	0.12	0.74	0.29	0.7	23	21.2	0.032173913	0.03490566	1.7	NA	NA	4.62	NA	NA	15.8	4.18	5.55	6.09	<0.25	<0.25	<0.1	3.66	0	341	369	5	<0.4	28	22	326	<4	0.16	0.101	<10	0.258	NA	<2.5	0	12.3	0.056	<0.1	0.662	NA	0.209	<0.004	14	1	8	1	7	7	0	NA	0	NA	0	0	NA	0	NA	NA	0.1	0	0	NA	NA	NA	NA	NA	NA	NA	NA	NA	NA	NA	NA	NA	NA	NA	NA	NA	NA	NA
ec137	E	BA-AX-5	BA	AX	B	8	137	SB706	SA508	BA	8	18	banana	1	23	0.043478261	1.85	38.85	0.047619048	75.3	98	88	0.12	0.74	0.29	0.7	23	21.2	0.032173913	0.03490566	1.7	NA	NA	4.62	NA	NA	15.8	4.18	5.55	6.09	<0.25	<0.25	<0.1	3.66	0	341	369	5	<0.4	28	22	326	<4	0.16	0.101	<10	0.258	NA	<2.5	0	12.3	0.056	<0.1	0.662	NA	0.209	<0.004	14	1	8	1	7	7	0	NA	0	NA	0	0	NA	0	NA	NA	0.1	0	0	NA	NA	NA	NA	NA	NA	NA	NA	NA	NA	NA	NA	NA	NA	NA	NA	NA	NA	NA
ec138	E	BA-AX-6	BA	AX	B	8	138	SB706	SA507	BA	8	18	banana	1	23	0.043478261	1.85	38.85	0.047619048	75.3	98	88	0.12	0.74	0.29	0.7	23	21.2	0.032173913	0.03490566	1.7	NA	NA	4.62	NA	NA	15.8	4.18	5.55	6.09	<0.25	<0.25	<0.1	3.66	0	341	369	5	<0.4	28	22	326	<4	0.16	0.101	<10	0.258	NA	<2.5	0	12.3	0.056	<0.1	0.662	NA	0.209	<0.004	14	1	8	1	7	7	0	NA	0	NA	0	0	NA	0	NA	NA	0.1	0	0	NA	NA	NA	NA	NA	NA	NA	NA	NA	NA	NA	NA	NA	NA	NA	NA	NA	NA	NA
ec171	E	BA-G-10	BA	G	D	8	171	SB710	SA506	BA	8	18	banana	1	23	0.043478261	1.85	38.85	0.047619048	75.3	98	88	0.12	0.74	0.29	0.7	23	21.2	0.032173913	0.03490566	1.7	NA	NA	4.62	NA	NA	15.8	4.18	5.55	6.09	<0.25	<0.25	<0.1	3.66	0	341	369	5	<0.4	28	22	326	<4	0.16	0.101	<10	0.258	NA	<2.5	0	12.3	0.056	<0.1	0.662	NA	0.209	<0.004	14	1	8	1	7	7	0	NA	0	NA	0	0	NA	0	NA	NA	0.1	0	0	NA	NA	NA	NA	NA	NA	NA	NA	NA	NA	NA	NA	NA	NA	NA	NA	NA	NA	NA
ec172	E	BA-G-11	BA	G	D	8	172	SB710	SA505	BA	8	18	banana	1	23	0.043478261	1.85	38.85	0.047619048	75.3	98	88	0.12	0.74	0.29	0.7	23	21.2	0.032173913	0.03490566	1.7	NA	NA	4.62	NA	NA	15.8	4.18	5.55	6.09	<0.25	<0.25	<0.1	3.66	0	341	369	5	<0.4	28	22	326	<4	0.16	0.101	<10	0.258	NA	<2.5	0	12.3	0.056	<0.1	0.662	NA	0.209	<0.004	14	1	8	1	7	7	0	NA	0	NA	0	0	NA	0	NA	NA	0.1	0	0	NA	NA	NA	NA	NA	NA	NA	NA	NA	NA	NA	NA	NA	NA	NA	NA	NA	NA	NA
ec173	E	BA-G-12	BA	G	D	8	173	SB710	SA504	BA	8	18	banana	1	23	0.043478261	1.85	38.85	0.047619048	75.3	98	88	0.12	0.74	0.29	0.7	23	21.2	0.032173913	0.03490566	1.7	NA	NA	4.62	NA	NA	15.8	4.18	5.55	6.09	<0.25	<0.25	<0.1	3.66	0	341	369	5	<0.4	28	22	326	<4	0.16	0.101	<10	0.258	NA	<2.5	0	12.3	0.056	<0.1	0.662	NA	0.209	<0.004	14	1	8	1	7	7	0	NA	0	NA	0	0	NA	0	NA	NA	0.1	0	0	NA	NA	NA	NA	NA	NA	NA	NA	NA	NA	NA	NA	NA	NA	NA	NA	NA	NA	NA
ec188	E	BA-G-9	BA	G	C	8	188	SB712	SA505	BA	8	18	banana	1	23	0.043478261	1.85	38.85	0.047619048	75.3	98	88	0.12	0.74	0.29	0.7	23	21.2	0.032173913	0.03490566	1.7	NA	NA	4.62	NA	NA	15.8	4.18	5.55	6.09	<0.25	<0.25	<0.1	3.66	0	341	369	5	<0.4	28	22	326	<4	0.16	0.101	<10	0.258	NA	<2.5	0	12.3	0.056	<0.1	0.662	NA	0.209	<0.004	14	1	8	1	7	7	0	NA	0	NA	0	0	NA	0	NA	NA	0.1	0	0	NA	NA	NA	NA	NA	NA	NA	NA	NA	NA	NA	NA	NA	NA	NA	NA	NA	NA	NA
ec105	E	CA-AX-1	CA	AX	A	14	105	SB702	SA508	CA	14	14	carrot	1	10	0.1	1.19	12.26	0.097063622	87.7	48	45	0.15	0.94	0.35	0.72	10.3	NA	0.091262136	NA	3.1	NA	NA	NA	NA	NA	NA	NA	NA	NA	NA	NA	NA	NA	NA	NA	NA	30	0.15	12.4	40	280	87	0.24	0.061	NA	0.13	NA	<2.5	0	NA	0.065	0.095	1.41	NA	0.146	2.22	37	NA	NA	NA	NA	NA	NA	NA	NA	NA	NA	NA	NA	NA	NA	NA	NA	NA	NA	NA	NA	NA	NA	NA	NA	NA	NA	NA	NA	NA	NA	NA	NA	NA	NA	NA	NA	NA
ec129	E	CA-AX-4	CA	AX	B	14	129	SB705	SA508	CA	14	14	carrot	1	10	0.1	1.19	12.26	0.097063622	87.7	48	45	0.15	0.94	0.35	0.72	10.3	NA	0.091262136	NA	3.1	NA	NA	NA	NA	NA	NA	NA	NA	NA	NA	NA	NA	NA	NA	NA	NA	30	0.15	12.4	40	280	87	0.24	0.061	NA	0.13	NA	<2.5	0	NA	0.065	0.095	1.41	NA	0.146	2.22	37	NA	NA	NA	NA	NA	NA	NA	NA	NA	NA	NA	NA	NA	NA	NA	NA	NA	NA	NA	NA	NA	NA	NA	NA	NA	NA	NA	NA	NA	NA	NA	NA	NA	NA	NA	NA	NA
ec130	E	CA-AX-5	CA	AX	B	14	130	SB705	SA507	CA	14	14	carrot	1	10	0.1	1.19	12.26	0.097063622	87.7	48	45	0.15	0.94	0.35	0.72	10.3	NA	0.091262136	NA	3.1	NA	NA	NA	NA	NA	NA	NA	NA	NA	NA	NA	NA	NA	NA	NA	NA	30	0.15	12.4	40	280	87	0.24	0.061	NA	0.13	NA	<2.5	0	NA	0.065	0.095	1.41	NA	0.146	2.22	37	NA	NA	NA	NA	NA	NA	NA	NA	NA	NA	NA	NA	NA	NA	NA	NA	NA	NA	NA	NA	NA	NA	NA	NA	NA	NA	NA	NA	NA	NA	NA	NA	NA	NA	NA	NA	NA
ec151	E	CA-G-7	CA	G	C	14	151	SB707	SA502	CA	14	14	carrot	1	10	0.1	1.19	12.26	0.097063622	87.7	48	45	0.15	0.94	0.35	0.72	10.3	NA	0.091262136	NA	3.1	NA	NA	NA	NA	NA	NA	NA	NA	NA	NA	NA	NA	NA	NA	NA	NA	30	0.15	12.4	40	280	87	0.24	0.061	NA	0.13	NA	<2.5	0	NA	0.065	0.095	1.41	NA	0.146	2.22	37	NA	NA	NA	NA	NA	NA	NA	NA	NA	NA	NA	NA	NA	NA	NA	NA	NA	NA	NA	NA	NA	NA	NA	NA	NA	NA	NA	NA	NA	NA	NA	NA	NA	NA	NA	NA	NA
ec152	E	CA-G-8	CA	G	C	14	152	SB707	SA501	CA	14	14	carrot	1	10	0.1	1.19	12.26	0.097063622	87.7	48	45	0.15	0.94	0.35	0.72	10.3	NA	0.091262136	NA	3.1	NA	NA	NA	NA	NA	NA	NA	NA	NA	NA	NA	NA	NA	NA	NA	NA	30	0.15	12.4	40	280	87	0.24	0.061	NA	0.13	NA	<2.5	0	NA	0.065	0.095	1.41	NA	0.146	2.22	37	NA	NA	NA	NA	NA	NA	NA	NA	NA	NA	NA	NA	NA	NA	NA	NA	NA	NA	NA	NA	NA	NA	NA	NA	NA	NA	NA	NA	NA	NA	NA	NA	NA	NA	NA	NA	NA
ec184	E	CA-G-11	CA	G	D	14	184	SB711	SA501	CA	14	14	carrot	1	10	0.1	1.19	12.26	0.097063622	87.7	48	45	0.15	0.94	0.35	0.72	10.3	NA	0.091262136	NA	3.1	NA	NA	NA	NA	NA	NA	NA	NA	NA	NA	NA	NA	NA	NA	NA	NA	30	0.15	12.4	40	280	87	0.24	0.061	NA	0.13	NA	<2.5	0	NA	0.065	0.095	1.41	NA	0.146	2.22	37	NA	NA	NA	NA	NA	NA	NA	NA	NA	NA	NA	NA	NA	NA	NA	NA	NA	NA	NA	NA	NA	NA	NA	NA	NA	NA	NA	NA	NA	NA	NA	NA	NA	NA	NA	NA	NA
ec183	E	CL-G-11	CL	G	D	9	183	SB711	SA502	CL	9	4	cantaloupe	1	8	0.125	NA	NA	NA	90.2	38	34	0.13	0.82	0.18	0.63	8.16	8.69	0.100490196	0.094361335	0.8	0.3	0.5	NA	NA	NA	7.88	3.32	2.08	2.4	0	0.02	0.06	0.02	NA	NA	NA	9	0.38	13	17	157	30	0.44	0.085	NA	0.046	NA	1.7	0	10.9	0.049	0.027	0.694	0.085	0.04	NA	14	232	2780	NA	NA	0	0	NA	NA	0	NA	NA	32	NA	NA	NA	2.7	0	NA	0	0.002	0.014	0.017	0.024	0.024	0.01	0.002	0.019	0.012	0.027	0.024	0.012	0.077	0.113	0.174	0.021	0.016	0.034
ec97	E	CO-G-2	CO	G	A	1	97	SB701	SA508	CO	1	10	corn	3	19	0.157894737	NA	NA	NA	NA	NA	NA	NA	NA	NA	NA	NA	NA	NA	NA	NA	NA	NA	NA	NA	NA	NA	NA	NA	NA	NA	NA	NA	NA	NA	NA	NA	NA	NA	NA	NA	NA	NA	NA	NA	NA	NA	NA	NA	NA	NA	NA	NA	NA	NA	NA	NA	NA	NA	NA	NA	NA	NA	NA	NA	NA	NA	NA	NA	NA	NA	NA	NA	NA	NA	NA	NA	NA	NA	NA	NA	NA	NA	NA	NA	NA	NA	NA	NA	NA	NA	NA	NA	NA	NA
ec98	E	CO-G-3	CO	G	A	1	98	SB701	SA507	CO	1	10	corn	3	19	0.157894737	NA	NA	NA	NA	NA	NA	NA	NA	NA	NA	NA	NA	NA	NA	NA	NA	NA	NA	NA	NA	NA	NA	NA	NA	NA	NA	NA	NA	NA	NA	NA	NA	NA	NA	NA	NA	NA	NA	NA	NA	NA	NA	NA	NA	NA	NA	NA	NA	NA	NA	NA	NA	NA	NA	NA	NA	NA	NA	NA	NA	NA	NA	NA	NA	NA	NA	NA	NA	NA	NA	NA	NA	NA	NA	NA	NA	NA	NA	NA	NA	NA	NA	NA	NA	NA	NA	NA	NA	NA
ec117	E	CO-G-4	CO	G	A	1	117	SB703	SA504	CO	1	10	corn	3	19	0.157894737	NA	NA	NA	NA	NA	NA	NA	NA	NA	NA	NA	NA	NA	NA	NA	NA	NA	NA	NA	NA	NA	NA	NA	NA	NA	NA	NA	NA	NA	NA	NA	NA	NA	NA	NA	NA	NA	NA	NA	NA	NA	NA	NA	NA	NA	NA	NA	NA	NA	NA	NA	NA	NA	NA	NA	NA	NA	NA	NA	NA	NA	NA	NA	NA	NA	NA	NA	NA	NA	NA	NA	NA	NA	NA	NA	NA	NA	NA	NA	NA	NA	NA	NA	NA	NA	NA	NA	NA	NA
ec118	E	CO-G-5	CO	G	B	1	118	SB703	SA503	CO	1	10	corn	3	19	0.157894737	NA	NA	NA	NA	NA	NA	NA	NA	NA	NA	NA	NA	NA	NA	NA	NA	NA	NA	NA	NA	NA	NA	NA	NA	NA	NA	NA	NA	NA	NA	NA	NA	NA	NA	NA	NA	NA	NA	NA	NA	NA	NA	NA	NA	NA	NA	NA	NA	NA	NA	NA	NA	NA	NA	NA	NA	NA	NA	NA	NA	NA	NA	NA	NA	NA	NA	NA	NA	NA	NA	NA	NA	NA	NA	NA	NA	NA	NA	NA	NA	NA	NA	NA	NA	NA	NA	NA	NA	NA
ec119	E	CO-G-6	CO	G	B	1	119	SB703	SA502	CO	1	10	corn	3	19	0.157894737	NA	NA	NA	NA	NA	NA	NA	NA	NA	NA	NA	NA	NA	NA	NA	NA	NA	NA	NA	NA	NA	NA	NA	NA	NA	NA	NA	NA	NA	NA	NA	NA	NA	NA	NA	NA	NA	NA	NA	NA	NA	NA	NA	NA	NA	NA	NA	NA	NA	NA	NA	NA	NA	NA	NA	NA	NA	NA	NA	NA	NA	NA	NA	NA	NA	NA	NA	NA	NA	NA	NA	NA	NA	NA	NA	NA	NA	NA	NA	NA	NA	NA	NA	NA	NA	NA	NA	NA	NA
ec177	E	CO-G-10	CO	G	D	1	177	SB711	SA508	CO	1	10	corn	3	19	0.157894737	NA	NA	NA	NA	NA	NA	NA	NA	NA	NA	NA	NA	NA	NA	NA	NA	NA	NA	NA	NA	NA	NA	NA	NA	NA	NA	NA	NA	NA	NA	NA	NA	NA	NA	NA	NA	NA	NA	NA	NA	NA	NA	NA	NA	NA	NA	NA	NA	NA	NA	NA	NA	NA	NA	NA	NA	NA	NA	NA	NA	NA	NA	NA	NA	NA	NA	NA	NA	NA	NA	NA	NA	NA	NA	NA	NA	NA	NA	NA	NA	NA	NA	NA	NA	NA	NA	NA	NA	NA
ec101	E	CR-G-1	CR	G	A	5	101	SB701	SA504	OR	5	8	orange	1	12	0.083333333	0.79	11.79	0.067005937	86.7	52	47	0.14	0.91	0.15	0.43	11.8	10.6	0.077118644	0.085849057	2	0.2	1.8	NA	NA	NA	8.57	4.19	2.02	2.36	0	0	0	0	NA	NA	NA	43	0.33	10.7	23	166	9	0.11	0.064	NA	0.029	NA	0	0	59.1	0.068	0.051	0.425	0.261	0.079	NA	25	NA	NA	NA	NA	NA	NA	NA	NA	NA	NA	NA	NA	NA	NA	NA	0	0	NA	0	0.008	0.016	0.014	0.025	0.032	0.007	0.009	0.051	0.011	0.022	0.099	0.011	0.028	0.12	0.242	0.02	0.153	0.032
ec112	E	CR-AX-1	CR	AX	A	5	112	SB702	SA501	OR	5	8	orange	1	12	0.083333333	0.79	11.79	0.067005937	86.7	52	47	0.14	0.91	0.15	0.43	11.8	10.6	0.077118644	0.085849057	2	0.2	1.8	NA	NA	NA	8.57	4.19	2.02	2.36	0	0	0	0	NA	NA	NA	43	0.33	10.7	23	166	9	0.11	0.064	NA	0.029	NA	0	0	59.1	0.068	0.051	0.425	0.261	0.079	NA	25	NA	NA	NA	NA	NA	NA	NA	NA	NA	NA	NA	NA	NA	NA	NA	0	0	NA	0	0.008	0.016	0.014	0.025	0.032	0.007	0.009	0.051	0.011	0.022	0.099	0.011	0.028	0.12	0.242	0.02	0.153	0.032
ec113	E	CR-AX-3	CR	AX	A	5	113	SB703	SA508	OR	5	8	orange	1	12	0.083333333	0.79	11.79	0.067005937	86.7	52	47	0.14	0.91	0.15	0.43	11.8	10.6	0.077118644	0.085849057	2	0.2	1.8	NA	NA	NA	8.57	4.19	2.02	2.36	0	0	0	0	NA	NA	NA	43	0.33	10.7	23	166	9	0.11	0.064	NA	0.029	NA	0	0	59.1	0.068	0.051	0.425	0.261	0.079	NA	25	NA	NA	NA	NA	NA	NA	NA	NA	NA	NA	NA	NA	NA	NA	NA	0	0	NA	0	0.008	0.016	0.014	0.025	0.032	0.007	0.009	0.051	0.011	0.022	0.099	0.011	0.028	0.12	0.242	0.02	0.153	0.032
ec126	E	CR-G-5	CR	G	B	5	126	SB704	SA503	OR	5	8	orange	1	12	0.083333333	0.79	11.79	0.067005937	86.7	52	47	0.14	0.91	0.15	0.43	11.8	10.6	0.077118644	0.085849057	2	0.2	1.8	NA	NA	NA	8.57	4.19	2.02	2.36	0	0	0	0	NA	NA	NA	43	0.33	10.7	23	166	9	0.11	0.064	NA	0.029	NA	0	0	59.1	0.068	0.051	0.425	0.261	0.079	NA	25	NA	NA	NA	NA	NA	NA	NA	NA	NA	NA	NA	NA	NA	NA	NA	0	0	NA	0	0.008	0.016	0.014	0.025	0.032	0.007	0.009	0.051	0.011	0.022	0.099	0.011	0.028	0.12	0.242	0.02	0.153	0.032
ec139	E	CR-AX-6	CR	AX	B	5	139	SB706	SA506	OR	5	8	orange	1	12	0.083333333	0.79	11.79	0.067005937	86.7	52	47	0.14	0.91	0.15	0.43	11.8	10.6	0.077118644	0.085849057	2	0.2	1.8	NA	NA	NA	8.57	4.19	2.02	2.36	0	0	0	0	NA	NA	NA	43	0.33	10.7	23	166	9	0.11	0.064	NA	0.029	NA	0	0	59.1	0.068	0.051	0.425	0.261	0.079	NA	25	NA	NA	NA	NA	NA	NA	NA	NA	NA	NA	NA	NA	NA	NA	NA	0	0	NA	0	0.008	0.016	0.014	0.025	0.032	0.007	0.009	0.051	0.011	0.022	0.099	0.011	0.028	0.12	0.242	0.02	0.153	0.032
ec156	E	CR-G-7	CR	G	C	5	156	SB708	SA505	OR	5	8	orange	1	12	0.083333333	0.79	11.79	0.067005937	86.7	52	47	0.14	0.91	0.15	0.43	11.8	10.6	0.077118644	0.085849057	2	0.2	1.8	NA	NA	NA	8.57	4.19	2.02	2.36	0	0	0	0	NA	NA	NA	43	0.33	10.7	23	166	9	0.11	0.064	NA	0.029	NA	0	0	59.1	0.068	0.051	0.425	0.261	0.079	NA	25	NA	NA	NA	NA	NA	NA	NA	NA	NA	NA	NA	NA	NA	NA	NA	0	0	NA	0	0.008	0.016	0.014	0.025	0.032	0.007	0.009	0.051	0.011	0.022	0.099	0.011	0.028	0.12	0.242	0.02	0.153	0.032
ec157	E	CR-G-8	CR	G	C	5	157	SB708	SA504	OR	5	8	orange	1	12	0.083333333	0.79	11.79	0.067005937	86.7	52	47	0.14	0.91	0.15	0.43	11.8	10.6	0.077118644	0.085849057	2	0.2	1.8	NA	NA	NA	8.57	4.19	2.02	2.36	0	0	0	0	NA	NA	NA	43	0.33	10.7	23	166	9	0.11	0.064	NA	0.029	NA	0	0	59.1	0.068	0.051	0.425	0.261	0.079	NA	25	NA	NA	NA	NA	NA	NA	NA	NA	NA	NA	NA	NA	NA	NA	NA	0	0	NA	0	0.008	0.016	0.014	0.025	0.032	0.007	0.009	0.051	0.011	0.022	0.099	0.011	0.028	0.12	0.242	0.02	0.153	0.032
ec158	E	CR-G-9	CR	G	C	5	158	SB708	SA503	OR	5	8	orange	1	12	0.083333333	0.79	11.79	0.067005937	86.7	52	47	0.14	0.91	0.15	0.43	11.8	10.6	0.077118644	0.085849057	2	0.2	1.8	NA	NA	NA	8.57	4.19	2.02	2.36	0	0	0	0	NA	NA	NA	43	0.33	10.7	23	166	9	0.11	0.064	NA	0.029	NA	0	0	59.1	0.068	0.051	0.425	0.261	0.079	NA	25	NA	NA	NA	NA	NA	NA	NA	NA	NA	NA	NA	NA	NA	NA	NA	0	0	NA	0	0.008	0.016	0.014	0.025	0.032	0.007	0.009	0.051	0.011	0.022	0.099	0.011	0.028	0.12	0.242	0.02	0.153	0.032
ec174	E	CR-G-10	CR	G	D	5	174	SB710	SA503	OR	5	8	orange	1	12	0.083333333	0.79	11.79	0.067005937	86.7	52	47	0.14	0.91	0.15	0.43	11.8	10.6	0.077118644	0.085849057	2	0.2	1.8	NA	NA	NA	8.57	4.19	2.02	2.36	0	0	0	0	NA	NA	NA	43	0.33	10.7	23	166	9	0.11	0.064	NA	0.029	NA	0	0	59.1	0.068	0.051	0.425	0.261	0.079	NA	25	NA	NA	NA	NA	NA	NA	NA	NA	NA	NA	NA	NA	NA	NA	NA	0	0	NA	0	0.008	0.016	0.014	0.025	0.032	0.007	0.009	0.051	0.011	0.022	0.099	0.011	0.028	0.12	0.242	0.02	0.153	0.032
ec175	E	CR-G-11 	CR	G	D	5	175	SB710	SA502	OR	5	8	orange	1	12	0.083333333	0.79	11.79	0.067005937	86.7	52	47	0.14	0.91	0.15	0.43	11.8	10.6	0.077118644	0.085849057	2	0.2	1.8	NA	NA	NA	8.57	4.19	2.02	2.36	0	0	0	0	NA	NA	NA	43	0.33	10.7	23	166	9	0.11	0.064	NA	0.029	NA	0	0	59.1	0.068	0.051	0.425	0.261	0.079	NA	25	NA	NA	NA	NA	NA	NA	NA	NA	NA	NA	NA	NA	NA	NA	NA	0	0	NA	0	0.008	0.016	0.014	0.025	0.032	0.007	0.009	0.051	0.011	0.022	0.099	0.011	0.028	0.12	0.242	0.02	0.153	0.032
ec176	E	CR-G-12	CR	G	D	5	176	SB710	SA501	OR	5	8	orange	1	12	0.083333333	0.79	11.79	0.067005937	86.7	52	47	0.14	0.91	0.15	0.43	11.8	10.6	0.077118644	0.085849057	2	0.2	1.8	NA	NA	NA	8.57	4.19	2.02	2.36	0	0	0	0	NA	NA	NA	43	0.33	10.7	23	166	9	0.11	0.064	NA	0.029	NA	0	0	59.1	0.068	0.051	0.425	0.261	0.079	NA	25	NA	NA	NA	NA	NA	NA	NA	NA	NA	NA	NA	NA	NA	NA	NA	0	0	NA	0	0.008	0.016	0.014	0.025	0.032	0.007	0.009	0.051	0.011	0.022	0.099	0.011	0.028	0.12	0.242	0.02	0.153	0.032
ec114	E	FJ-AX-1	FJ	AX	A	18	114	SB703	SA507	FJ	18	13	apple	0	14	0	0.27	14.36	0.018802228	83.6	65	58	0.02	0.15	0.16	0.43	15.6	15.4	0.009615385	0.00974026	2.1	NA	NA	NA	NA	NA	13.3	1.7	3.04	8.59	<0.15	<0.15	NA	NA	NA	NA	NA	6	0.02	4.7	10	104	1	0.02	0.033	NA	0.033	NA	NA	0	NA	0.006	0.068	0.091	NA	0.035	NA	<6	NA	NA	NA	NA	NA	NA	NA	NA	NA	NA	NA	NA	NA	NA	NA	NA	NA	NA	NA	NA	NA	NA	NA	NA	NA	NA	NA	NA	NA	NA	NA	NA	NA	NA	NA	NA	NA
ec127	E	FJ-G-6	FJ	G	B	18	127	SB704	SA502	FJ	18	13	apple	0	14	0	0.27	14.36	0.018802228	83.6	65	58	0.02	0.15	0.16	0.43	15.6	15.4	0.009615385	0.00974026	2.1	NA	NA	NA	NA	NA	13.3	1.7	3.04	8.59	<0.15	<0.15	NA	NA	NA	NA	NA	6	0.02	4.7	10	104	1	0.02	0.033	NA	0.033	NA	NA	0	NA	0.006	0.068	0.091	NA	0.035	NA	<6	NA	NA	NA	NA	NA	NA	NA	NA	NA	NA	NA	NA	NA	NA	NA	NA	NA	NA	NA	NA	NA	NA	NA	NA	NA	NA	NA	NA	NA	NA	NA	NA	NA	NA	NA	NA	NA
ec159	E	FJ-G-7	FJ	G	C	18	159	SB708	SA502	FJ	18	13	apple	0	14	0	0.27	14.36	0.018802228	83.6	65	58	0.02	0.15	0.16	0.43	15.6	15.4	0.009615385	0.00974026	2.1	NA	NA	NA	NA	NA	13.3	1.7	3.04	8.59	<0.15	<0.15	NA	NA	NA	NA	NA	6	0.02	4.7	10	104	1	0.02	0.033	NA	0.033	NA	NA	0	NA	0.006	0.068	0.091	NA	0.035	NA	<6	NA	NA	NA	NA	NA	NA	NA	NA	NA	NA	NA	NA	NA	NA	NA	NA	NA	NA	NA	NA	NA	NA	NA	NA	NA	NA	NA	NA	NA	NA	NA	NA	NA	NA	NA	NA	NA
ec160	E	FJ-G-9	FJ	G	C	18	160	SB708	SA501	FJ	18	13	apple	0	14	0	0.27	14.36	0.018802228	83.6	65	58	0.02	0.15	0.16	0.43	15.6	15.4	0.009615385	0.00974026	2.1	NA	NA	NA	NA	NA	13.3	1.7	3.04	8.59	<0.15	<0.15	NA	NA	NA	NA	NA	6	0.02	4.7	10	104	1	0.02	0.033	NA	0.033	NA	NA	0	NA	0.006	0.068	0.091	NA	0.035	NA	<6	NA	NA	NA	NA	NA	NA	NA	NA	NA	NA	NA	NA	NA	NA	NA	NA	NA	NA	NA	NA	NA	NA	NA	NA	NA	NA	NA	NA	NA	NA	NA	NA	NA	NA	NA	NA	NA
ec111	E	L1-AX-3	L1	AX	A	15	111	SB702	SA502	LI	15	17	lime	1	11	0.090909091	NA	NA	NA	NA	NA	NA	NA	NA	NA	NA	NA	NA	NA	NA	NA	NA	NA	NA	NA	NA	NA	NA	NA	NA	NA	NA	NA	NA	NA	NA	NA	NA	NA	NA	NA	NA	NA	NA	NA	NA	NA	NA	NA	NA	NA	NA	NA	NA	NA	NA	NA	NA	NA	NA	NA	NA	NA	NA	NA	NA	NA	NA	NA	NA	NA	NA	NA	NA	NA	NA	NA	NA	NA	NA	NA	NA	NA	NA	NA	NA	NA	NA	NA	NA	NA	NA	NA	NA	NA
ec185	E	L1-G-10	L1	G	D	15	185	SB712	SA508	LI	15	17	lime	1	11	0.090909091	NA	NA	NA	NA	NA	NA	NA	NA	NA	NA	NA	NA	NA	NA	NA	NA	NA	NA	NA	NA	NA	NA	NA	NA	NA	NA	NA	NA	NA	NA	NA	NA	NA	NA	NA	NA	NA	NA	NA	NA	NA	NA	NA	NA	NA	NA	NA	NA	NA	NA	NA	NA	NA	NA	NA	NA	NA	NA	NA	NA	NA	NA	NA	NA	NA	NA	NA	NA	NA	NA	NA	NA	NA	NA	NA	NA	NA	NA	NA	NA	NA	NA	NA	NA	NA	NA	NA	NA	NA
ec186	E	L1-G-11	L1	G	D	15	186	SB712	SA507	LI	15	17	lime	1	11	0.090909091	NA	NA	NA	NA	NA	NA	NA	NA	NA	NA	NA	NA	NA	NA	NA	NA	NA	NA	NA	NA	NA	NA	NA	NA	NA	NA	NA	NA	NA	NA	NA	NA	NA	NA	NA	NA	NA	NA	NA	NA	NA	NA	NA	NA	NA	NA	NA	NA	NA	NA	NA	NA	NA	NA	NA	NA	NA	NA	NA	NA	NA	NA	NA	NA	NA	NA	NA	NA	NA	NA	NA	NA	NA	NA	NA	NA	NA	NA	NA	NA	NA	NA	NA	NA	NA	NA	NA	NA	NA
ec187	E	L1-G-12	L1	G	D	15	187	SB712	SA506	LI	15	17	lime	1	11	0.090909091	NA	NA	NA	NA	NA	NA	NA	NA	NA	NA	NA	NA	NA	NA	NA	NA	NA	NA	NA	NA	NA	NA	NA	NA	NA	NA	NA	NA	NA	NA	NA	NA	NA	NA	NA	NA	NA	NA	NA	NA	NA	NA	NA	NA	NA	NA	NA	NA	NA	NA	NA	NA	NA	NA	NA	NA	NA	NA	NA	NA	NA	NA	NA	NA	NA	NA	NA	NA	NA	NA	NA	NA	NA	NA	NA	NA	NA	NA	NA	NA	NA	NA	NA	NA	NA	NA	NA	NA	NA
ec100	E	LI-G-3	LI	G	A	15	100	SB701	SA505	LI	15	17	lime	1	11	0.090909091	NA	NA	NA	NA	NA	NA	NA	NA	NA	NA	NA	NA	NA	NA	NA	NA	NA	NA	NA	NA	NA	NA	NA	NA	NA	NA	NA	NA	NA	NA	NA	NA	NA	NA	NA	NA	NA	NA	NA	NA	NA	NA	NA	NA	NA	NA	NA	NA	NA	NA	NA	NA	NA	NA	NA	NA	NA	NA	NA	NA	NA	NA	NA	NA	NA	NA	NA	NA	NA	NA	NA	NA	NA	NA	NA	NA	NA	NA	NA	NA	NA	NA	NA	NA	NA	NA	NA	NA	NA
ec166	E	LL-G-7	LL	G	C	15	166	SB709	SA503	LI	15	17	lime	1	11	0.090909091	NA	NA	NA	NA	NA	NA	NA	NA	NA	NA	NA	NA	NA	NA	NA	NA	NA	NA	NA	NA	NA	NA	NA	NA	NA	NA	NA	NA	NA	NA	NA	NA	NA	NA	NA	NA	NA	NA	NA	NA	NA	NA	NA	NA	NA	NA	NA	NA	NA	NA	NA	NA	NA	NA	NA	NA	NA	NA	NA	NA	NA	NA	NA	NA	NA	NA	NA	NA	NA	NA	NA	NA	NA	NA	NA	NA	NA	NA	NA	NA	NA	NA	NA	NA	NA	NA	NA	NA	NA
ec167	E	LL-G-9	LL	G	C	15	167	SB709	SA502	LI	15	17	lime	1	11	0.090909091	NA	NA	NA	NA	NA	NA	NA	NA	NA	NA	NA	NA	NA	NA	NA	NA	NA	NA	NA	NA	NA	NA	NA	NA	NA	NA	NA	NA	NA	NA	NA	NA	NA	NA	NA	NA	NA	NA	NA	NA	NA	NA	NA	NA	NA	NA	NA	NA	NA	NA	NA	NA	NA	NA	NA	NA	NA	NA	NA	NA	NA	NA	NA	NA	NA	NA	NA	NA	NA	NA	NA	NA	NA	NA	NA	NA	NA	NA	NA	NA	NA	NA	NA	NA	NA	NA	NA	NA	NA
ec102	E	MA-G-1	MA	G	A	16	102	SB701	SA503	MA	16	15	mango	1	15	0.066666667	NA	NA	NA	NA	NA	NA	NA	NA	NA	NA	NA	NA	NA	NA	NA	NA	NA	NA	NA	NA	NA	NA	NA	NA	NA	NA	NA	NA	NA	NA	NA	NA	NA	NA	NA	NA	NA	NA	NA	NA	NA	NA	NA	NA	NA	NA	NA	NA	NA	NA	NA	NA	NA	NA	NA	NA	NA	NA	NA	NA	NA	NA	NA	NA	NA	NA	NA	NA	NA	NA	NA	NA	NA	NA	NA	NA	NA	NA	NA	NA	NA	NA	NA	NA	NA	NA	NA	NA	NA
ec103	E	MA-G-2	MA	G	A	16	103	SB701	SA502	MA	16	15	mango	1	15	0.066666667	NA	NA	NA	NA	NA	NA	NA	NA	NA	NA	NA	NA	NA	NA	NA	NA	NA	NA	NA	NA	NA	NA	NA	NA	NA	NA	NA	NA	NA	NA	NA	NA	NA	NA	NA	NA	NA	NA	NA	NA	NA	NA	NA	NA	NA	NA	NA	NA	NA	NA	NA	NA	NA	NA	NA	NA	NA	NA	NA	NA	NA	NA	NA	NA	NA	NA	NA	NA	NA	NA	NA	NA	NA	NA	NA	NA	NA	NA	NA	NA	NA	NA	NA	NA	NA	NA	NA	NA	NA
ec115	E	MA-AX-1	MA	AX	A	16	115	SB703	SA506	MA	16	15	mango	1	15	0.066666667	NA	NA	NA	NA	NA	NA	NA	NA	NA	NA	NA	NA	NA	NA	NA	NA	NA	NA	NA	NA	NA	NA	NA	NA	NA	NA	NA	NA	NA	NA	NA	NA	NA	NA	NA	NA	NA	NA	NA	NA	NA	NA	NA	NA	NA	NA	NA	NA	NA	NA	NA	NA	NA	NA	NA	NA	NA	NA	NA	NA	NA	NA	NA	NA	NA	NA	NA	NA	NA	NA	NA	NA	NA	NA	NA	NA	NA	NA	NA	NA	NA	NA	NA	NA	NA	NA	NA	NA	NA
ec116	E	MA-AX-2	MA	AX	A	16	116	SB703	SA505	MA	16	15	mango	1	15	0.066666667	NA	NA	NA	NA	NA	NA	NA	NA	NA	NA	NA	NA	NA	NA	NA	NA	NA	NA	NA	NA	NA	NA	NA	NA	NA	NA	NA	NA	NA	NA	NA	NA	NA	NA	NA	NA	NA	NA	NA	NA	NA	NA	NA	NA	NA	NA	NA	NA	NA	NA	NA	NA	NA	NA	NA	NA	NA	NA	NA	NA	NA	NA	NA	NA	NA	NA	NA	NA	NA	NA	NA	NA	NA	NA	NA	NA	NA	NA	NA	NA	NA	NA	NA	NA	NA	NA	NA	NA	NA
ec128	E	MA-G-4	MA	G	B	16	128	SB704	SA501	MA	16	15	mango	1	15	0.066666667	NA	NA	NA	NA	NA	NA	NA	NA	NA	NA	NA	NA	NA	NA	NA	NA	NA	NA	NA	NA	NA	NA	NA	NA	NA	NA	NA	NA	NA	NA	NA	NA	NA	NA	NA	NA	NA	NA	NA	NA	NA	NA	NA	NA	NA	NA	NA	NA	NA	NA	NA	NA	NA	NA	NA	NA	NA	NA	NA	NA	NA	NA	NA	NA	NA	NA	NA	NA	NA	NA	NA	NA	NA	NA	NA	NA	NA	NA	NA	NA	NA	NA	NA	NA	NA	NA	NA	NA	NA
ec140	E	MA-AX-4	MA	AX	B	16	140	SB706	SA505	MA	16	15	mango	1	15	0.066666667	NA	NA	NA	NA	NA	NA	NA	NA	NA	NA	NA	NA	NA	NA	NA	NA	NA	NA	NA	NA	NA	NA	NA	NA	NA	NA	NA	NA	NA	NA	NA	NA	NA	NA	NA	NA	NA	NA	NA	NA	NA	NA	NA	NA	NA	NA	NA	NA	NA	NA	NA	NA	NA	NA	NA	NA	NA	NA	NA	NA	NA	NA	NA	NA	NA	NA	NA	NA	NA	NA	NA	NA	NA	NA	NA	NA	NA	NA	NA	NA	NA	NA	NA	NA	NA	NA	NA	NA	NA
ec141	E	MA-AX-5	MA	AX	B	16	141	SB706	SA504	MA	16	15	mango	1	15	0.066666667	NA	NA	NA	NA	NA	NA	NA	NA	NA	NA	NA	NA	NA	NA	NA	NA	NA	NA	NA	NA	NA	NA	NA	NA	NA	NA	NA	NA	NA	NA	NA	NA	NA	NA	NA	NA	NA	NA	NA	NA	NA	NA	NA	NA	NA	NA	NA	NA	NA	NA	NA	NA	NA	NA	NA	NA	NA	NA	NA	NA	NA	NA	NA	NA	NA	NA	NA	NA	NA	NA	NA	NA	NA	NA	NA	NA	NA	NA	NA	NA	NA	NA	NA	NA	NA	NA	NA	NA	NA
ec142	E	MA-AX-6	MA	AX	B	16	142	SB706	SA503	MA	16	15	mango	1	15	0.066666667	NA	NA	NA	NA	NA	NA	NA	NA	NA	NA	NA	NA	NA	NA	NA	NA	NA	NA	NA	NA	NA	NA	NA	NA	NA	NA	NA	NA	NA	NA	NA	NA	NA	NA	NA	NA	NA	NA	NA	NA	NA	NA	NA	NA	NA	NA	NA	NA	NA	NA	NA	NA	NA	NA	NA	NA	NA	NA	NA	NA	NA	NA	NA	NA	NA	NA	NA	NA	NA	NA	NA	NA	NA	NA	NA	NA	NA	NA	NA	NA	NA	NA	NA	NA	NA	NA	NA	NA	NA
ec146	E	MA-G-5	MA	G	B	16	146	SB707	SA507	MA	16	15	mango	1	15	0.066666667	NA	NA	NA	NA	NA	NA	NA	NA	NA	NA	NA	NA	NA	NA	NA	NA	NA	NA	NA	NA	NA	NA	NA	NA	NA	NA	NA	NA	NA	NA	NA	NA	NA	NA	NA	NA	NA	NA	NA	NA	NA	NA	NA	NA	NA	NA	NA	NA	NA	NA	NA	NA	NA	NA	NA	NA	NA	NA	NA	NA	NA	NA	NA	NA	NA	NA	NA	NA	NA	NA	NA	NA	NA	NA	NA	NA	NA	NA	NA	NA	NA	NA	NA	NA	NA	NA	NA	NA	NA
ec147	E	MA-G-6	MA	G	B	16	147	SB707	SA506	MA	16	15	mango	1	15	0.066666667	NA	NA	NA	NA	NA	NA	NA	NA	NA	NA	NA	NA	NA	NA	NA	NA	NA	NA	NA	NA	NA	NA	NA	NA	NA	NA	NA	NA	NA	NA	NA	NA	NA	NA	NA	NA	NA	NA	NA	NA	NA	NA	NA	NA	NA	NA	NA	NA	NA	NA	NA	NA	NA	NA	NA	NA	NA	NA	NA	NA	NA	NA	NA	NA	NA	NA	NA	NA	NA	NA	NA	NA	NA	NA	NA	NA	NA	NA	NA	NA	NA	NA	NA	NA	NA	NA	NA	NA	NA
ec161	E	MA-G-7	MA	G	C	16	161	SB709	SA508	MA	16	15	mango	1	15	0.066666667	NA	NA	NA	NA	NA	NA	NA	NA	NA	NA	NA	NA	NA	NA	NA	NA	NA	NA	NA	NA	NA	NA	NA	NA	NA	NA	NA	NA	NA	NA	NA	NA	NA	NA	NA	NA	NA	NA	NA	NA	NA	NA	NA	NA	NA	NA	NA	NA	NA	NA	NA	NA	NA	NA	NA	NA	NA	NA	NA	NA	NA	NA	NA	NA	NA	NA	NA	NA	NA	NA	NA	NA	NA	NA	NA	NA	NA	NA	NA	NA	NA	NA	NA	NA	NA	NA	NA	NA	NA
ec162	E	MA-G-8	MA	G	C	16	162	SB709	SA507	MA	16	15	mango	1	15	0.066666667	NA	NA	NA	NA	NA	NA	NA	NA	NA	NA	NA	NA	NA	NA	NA	NA	NA	NA	NA	NA	NA	NA	NA	NA	NA	NA	NA	NA	NA	NA	NA	NA	NA	NA	NA	NA	NA	NA	NA	NA	NA	NA	NA	NA	NA	NA	NA	NA	NA	NA	NA	NA	NA	NA	NA	NA	NA	NA	NA	NA	NA	NA	NA	NA	NA	NA	NA	NA	NA	NA	NA	NA	NA	NA	NA	NA	NA	NA	NA	NA	NA	NA	NA	NA	NA	NA	NA	NA	NA
ec178	E	MA-G-11	MA	G	D	16	178	SB711	SA507	MA	16	15	mango	1	15	0.066666667	NA	NA	NA	NA	NA	NA	NA	NA	NA	NA	NA	NA	NA	NA	NA	NA	NA	NA	NA	NA	NA	NA	NA	NA	NA	NA	NA	NA	NA	NA	NA	NA	NA	NA	NA	NA	NA	NA	NA	NA	NA	NA	NA	NA	NA	NA	NA	NA	NA	NA	NA	NA	NA	NA	NA	NA	NA	NA	NA	NA	NA	NA	NA	NA	NA	NA	NA	NA	NA	NA	NA	NA	NA	NA	NA	NA	NA	NA	NA	NA	NA	NA	NA	NA	NA	NA	NA	NA	NA
ec189	NA	NA	NA	NA	NA	NA	NA	NA	NA	NA	NA	NA	NA	NA	NA	NA	NA	NA	NA	NA	NA	NA	NA	NA	NA	NA	NA	NA	NA	NA	NA	NA	NA	NA	NA	NA	NA	NA	NA	NA	NA	NA	NA	NA	NA	NA	NA	NA	NA	NA	NA	NA	NA	NA	NA	NA	NA	NA	NA	NA	NA	NA	NA	NA	NA	NA	NA	NA	NA	NA	NA	NA	NA	NA	NA	NA	NA	NA	NA	NA	NA	NA	NA	NA	NA	NA	NA	NA	NA	NA	NA	NA	NA	NA	NA	NA	NA	NA	NA	NA	NA	NA	NA	NA	NA
ec190	NA	NA	NA	NA	NA	NA	NA	NA	NA	NA	NA	NA	NA	NA	NA	NA	NA	NA	NA	NA	NA	NA	NA	NA	NA	NA	NA	NA	NA	NA	NA	NA	NA	NA	NA	NA	NA	NA	NA	NA	NA	NA	NA	NA	NA	NA	NA	NA	NA	NA	NA	NA	NA	NA	NA	NA	NA	NA	NA	NA	NA	NA	NA	NA	NA	NA	NA	NA	NA	NA	NA	NA	NA	NA	NA	NA	NA	NA	NA	NA	NA	NA	NA	NA	NA	NA	NA	NA	NA	NA	NA	NA	NA	NA	NA	NA	NA	NA	NA	NA	NA	NA	NA	NA	NA
ec191	NA	NA	NA	NA	NA	NA	NA	NA	NA	NA	NA	NA	NA	NA	NA	NA	NA	NA	NA	NA	NA	NA	NA	NA	NA	NA	NA	NA	NA	NA	NA	NA	NA	NA	NA	NA	NA	NA	NA	NA	NA	NA	NA	NA	NA	NA	NA	NA	NA	NA	NA	NA	NA	NA	NA	NA	NA	NA	NA	NA	NA	NA	NA	NA	NA	NA	NA	NA	NA	NA	NA	NA	NA	NA	NA	NA	NA	NA	NA	NA	NA	NA	NA	NA	NA	NA	NA	NA	NA	NA	NA	NA	NA	NA	NA	NA	NA	NA	NA	NA	NA	NA	NA	NA	NA
ec192	NA	NA	NA	NA	NA	NA	NA	NA	NA	NA	NA	NA	NA	NA	NA	NA	NA	NA	NA	NA	NA	NA	NA	NA	NA	NA	NA	NA	NA	NA	NA	NA	NA	NA	NA	NA	NA	NA	NA	NA	NA	NA	NA	NA	NA	NA	NA	NA	NA	NA	NA	NA	NA	NA	NA	NA	NA	NA	NA	NA	NA	NA	NA	NA	NA	NA	NA	NA	NA	NA	NA	NA	NA	NA	NA	NA	NA	NA	NA	NA	NA	NA	NA	NA	NA	NA	NA	NA	NA	NA	NA	NA	NA	NA	NA	NA	NA	NA	NA	NA	NA	NA	NA	NA	NA
ec193	NA	NA	NA	NA	NA	NA	NA	NA	NA	NA	NA	NA	NA	NA	NA	NA	NA	NA	NA	NA	NA	NA	NA	NA	NA	NA	NA	NA	NA	NA	NA	NA	NA	NA	NA	NA	NA	NA	NA	NA	NA	NA	NA	NA	NA	NA	NA	NA	NA	NA	NA	NA	NA	NA	NA	NA	NA	NA	NA	NA	NA	NA	NA	NA	NA	NA	NA	NA	NA	NA	NA	NA	NA	NA	NA	NA	NA	NA	NA	NA	NA	NA	NA	NA	NA	NA	NA	NA	NA	NA	NA	NA	NA	NA	NA	NA	NA	NA	NA	NA	NA	NA	NA	NA	NA
ec106	E	PO-AX-3	PO	AX	A	10	106	SB702	SA507	PO	10	6	potato	2	17	0.117647059	NA	NA	NA	78.6	83	81	0.36	2.27	0.36	0.98	17.8	NA	0.12752809	NA	NA	NA	NA	14.9	13.8	1.09	0.53	0.07	0.16	0.29	<0.25	<0.25	NA	NA	NA	NA	NA	8	0.38	25.6	55	450	3	0.38	0.091	NA	0.152	4.9	<2.5	0	10.9	0.074	NA	1.5	NA	0.157	NA	NA	NA	NA	NA	NA	NA	NA	NA	NA	NA	NA	NA	NA	NA	NA	NA	1.5	<0.1	<0.1	NA	NA	NA	NA	NA	NA	NA	NA	NA	NA	NA	NA	NA	NA	NA	NA	NA	NA	NA
ec131	E	PO-AX-4	PO	AX	B	10	131	SB705	SA506	PO	10	6	potato	2	17	0.117647059	NA	NA	NA	78.6	83	81	0.36	2.27	0.36	0.98	17.8	NA	0.12752809	NA	NA	NA	NA	14.9	13.8	1.09	0.53	0.07	0.16	0.29	<0.25	<0.25	NA	NA	NA	NA	NA	8	0.38	25.6	55	450	3	0.38	0.091	NA	0.152	4.9	<2.5	0	10.9	0.074	NA	1.5	NA	0.157	NA	NA	NA	NA	NA	NA	NA	NA	NA	NA	NA	NA	NA	NA	NA	NA	NA	1.5	<0.1	<0.1	NA	NA	NA	NA	NA	NA	NA	NA	NA	NA	NA	NA	NA	NA	NA	NA	NA	NA	NA
ec132	E	PO-AX-5	PO	AX	B	10	132	SB705	SA505	PO	10	6	potato	2	17	0.117647059	NA	NA	NA	78.6	83	81	0.36	2.27	0.36	0.98	17.8	NA	0.12752809	NA	NA	NA	NA	14.9	13.8	1.09	0.53	0.07	0.16	0.29	<0.25	<0.25	NA	NA	NA	NA	NA	8	0.38	25.6	55	450	3	0.38	0.091	NA	0.152	4.9	<2.5	0	10.9	0.074	NA	1.5	NA	0.157	NA	NA	NA	NA	NA	NA	NA	NA	NA	NA	NA	NA	NA	NA	NA	NA	NA	1.5	<0.1	<0.1	NA	NA	NA	NA	NA	NA	NA	NA	NA	NA	NA	NA	NA	NA	NA	NA	NA	NA	NA
ec133	E	PO-AX-6	PO	AX	B	10	133	SB705	SA504	PO	10	6	potato	2	17	0.117647059	NA	NA	NA	78.6	83	81	0.36	2.27	0.36	0.98	17.8	NA	0.12752809	NA	NA	NA	NA	14.9	13.8	1.09	0.53	0.07	0.16	0.29	<0.25	<0.25	NA	NA	NA	NA	NA	8	0.38	25.6	55	450	3	0.38	0.091	NA	0.152	4.9	<2.5	0	10.9	0.074	NA	1.5	NA	0.157	NA	NA	NA	NA	NA	NA	NA	NA	NA	NA	NA	NA	NA	NA	NA	NA	NA	1.5	<0.1	<0.1	NA	NA	NA	NA	NA	NA	NA	NA	NA	NA	NA	NA	NA	NA	NA	NA	NA	NA	NA
ec150	E	PR-G-6	PR	G	B	17	150	SB707	SA503	PR	17	7	pear	0	15	0	0.54	21.91	0.02464628	84.1	63	57	0.06	0.38	0.16	0.3	15.1	NA	0.025165563	NA	3.1	0.3	2.8	NA	NA	NA	9.69	0.43	2.5	6.76	0	0	0	NA	NA	NA	NA	8	0.17	5.7	10	87	7	0.07	0.07	NA	0.032	NA	0.2	0	4.4	0.012	0.026	0.164	0.042	0.026	NA	6	1	8	NA	NA	0	3	NA	NA	0	NA	NA	48	NA	NA	NA	3.8	0	NA	0	0.002	0.013	0.014	0.023	0.021	0.002	0.002	0.013	0.002	0.019	0.012	0.002	0.016	0.104	0.036	0.015	0.017	0.016
ec163	E	PR-G-7	PR	G	C	17	163	SB709	SA506	PR	17	7	pear	0	15	0	0.54	21.91	0.02464628	84.1	63	57	0.06	0.38	0.16	0.3	15.1	NA	0.025165563	NA	3.1	0.3	2.8	NA	NA	NA	9.69	0.43	2.5	6.76	0	0	0	NA	NA	NA	NA	8	0.17	5.7	10	87	7	0.07	0.07	NA	0.032	NA	0.2	0	4.4	0.012	0.026	0.164	0.042	0.026	NA	6	1	8	NA	NA	0	3	NA	NA	0	NA	NA	48	NA	NA	NA	3.8	0	NA	0	0.002	0.013	0.014	0.023	0.021	0.002	0.002	0.013	0.002	0.019	0.012	0.002	0.016	0.104	0.036	0.015	0.017	0.016
ec165	E	PR-G-9	PR	G	C	17	165	SB709	SA504	PR	17	7	pear	0	15	0	0.54	21.91	0.02464628	84.1	63	57	0.06	0.38	0.16	0.3	15.1	NA	0.025165563	NA	3.1	0.3	2.8	NA	NA	NA	9.69	0.43	2.5	6.76	0	0	0	NA	NA	NA	NA	8	0.17	5.7	10	87	7	0.07	0.07	NA	0.032	NA	0.2	0	4.4	0.012	0.026	0.164	0.042	0.026	NA	6	1	8	NA	NA	0	3	NA	NA	0	NA	NA	48	NA	NA	NA	3.8	0	NA	0	0.002	0.013	0.014	0.023	0.021	0.002	0.002	0.013	0.002	0.019	0.012	0.002	0.016	0.104	0.036	0.015	0.017	0.016
ec180	E	PR-G-10	PR	G	D	17	180	SB711	SA505	PR	17	7	pear	0	15	0	0.54	21.91	0.02464628	84.1	63	57	0.06	0.38	0.16	0.3	15.1	NA	0.025165563	NA	3.1	0.3	2.8	NA	NA	NA	9.69	0.43	2.5	6.76	0	0	0	NA	NA	NA	NA	8	0.17	5.7	10	87	7	0.07	0.07	NA	0.032	NA	0.2	0	4.4	0.012	0.026	0.164	0.042	0.026	NA	6	1	8	NA	NA	0	3	NA	NA	0	NA	NA	48	NA	NA	NA	3.8	0	NA	0	0.002	0.013	0.014	0.023	0.021	0.002	0.002	0.013	0.002	0.019	0.012	0.002	0.016	0.104	0.036	0.015	0.017	0.016
ec181	E	PR-G-11	PR	G	D	17	181	SB711	SA504	PR	17	7	pear	0	15	0	0.54	21.91	0.02464628	84.1	63	57	0.06	0.38	0.16	0.3	15.1	NA	0.025165563	NA	3.1	0.3	2.8	NA	NA	NA	9.69	0.43	2.5	6.76	0	0	0	NA	NA	NA	NA	8	0.17	5.7	10	87	7	0.07	0.07	NA	0.032	NA	0.2	0	4.4	0.012	0.026	0.164	0.042	0.026	NA	6	1	8	NA	NA	0	3	NA	NA	0	NA	NA	48	NA	NA	NA	3.8	0	NA	0	0.002	0.013	0.014	0.023	0.021	0.002	0.002	0.013	0.002	0.019	0.012	0.002	0.016	0.104	0.036	0.015	0.017	0.016
ec182	E	PR-G-12	PR	G	D	17	182	SB711	SA503	PR	17	7	pear	0	15	0	0.54	21.91	0.02464628	84.1	63	57	0.06	0.38	0.16	0.3	15.1	NA	0.025165563	NA	3.1	0.3	2.8	NA	NA	NA	9.69	0.43	2.5	6.76	0	0	0	NA	NA	NA	NA	8	0.17	5.7	10	87	7	0.07	0.07	NA	0.032	NA	0.2	0	4.4	0.012	0.026	0.164	0.042	0.026	NA	6	1	8	NA	NA	0	3	NA	NA	0	NA	NA	48	NA	NA	NA	3.8	0	NA	0	0.002	0.013	0.014	0.023	0.021	0.002	0.002	0.013	0.002	0.019	0.012	0.002	0.016	0.104	0.036	0.015	0.017	0.016
ec104	E	RP-G-3	RP	G	A	13	104	SB701	SA501	RP	13	16	peach	1	10	0.1	1.2	12.59	0.095313741	88.3	46	42	0.15	0.91	0.27	0.43	10.1	9.87	0.09009901	0.092198582	1.5	0.6	0.9	NA	NA	NA	8.39	4.76	1.95	1.53	0	0.08	0.06	0	NA	NA	NA	4	0.34	8	22	122	13	0.23	0.078	NA	0.026	NA	2.1	0	4.1	0.024	0.031	0.806	0.153	0.025	NA	6	24	224	NA	NA	0	117	NA	NA	0	NA	NA	132	NA	NA	NA	3	0	NA	0	0.009	0.015	0.016	0.026	0.028	0.009	0.011	0.018	0.014	0.021	0.017	0.012	0.027	0.415	0.054	0.02	0.017	0.031
ec143	E	RP-AX-4	RP	AX	B	13	143	SB706	SA502	RP	13	16	peach	1	10	0.1	1.2	12.59	0.095313741	88.3	46	42	0.15	0.91	0.27	0.43	10.1	9.87	0.09009901	0.092198582	1.5	0.6	0.9	NA	NA	NA	8.39	4.76	1.95	1.53	0	0.08	0.06	0	NA	NA	NA	4	0.34	8	22	122	13	0.23	0.078	NA	0.026	NA	2.1	0	4.1	0.024	0.031	0.806	0.153	0.025	NA	6	24	224	NA	NA	0	117	NA	NA	0	NA	NA	132	NA	NA	NA	3	0	NA	0	0.009	0.015	0.016	0.026	0.028	0.009	0.011	0.018	0.014	0.021	0.017	0.012	0.027	0.415	0.054	0.02	0.017	0.031
ec144	E	RP-AX-5	RP	AX	B	13	144	SB706	SA501	RP	13	16	peach	1	10	0.1	1.2	12.59	0.095313741	88.3	46	42	0.15	0.91	0.27	0.43	10.1	9.87	0.09009901	0.092198582	1.5	0.6	0.9	NA	NA	NA	8.39	4.76	1.95	1.53	0	0.08	0.06	0	NA	NA	NA	4	0.34	8	22	122	13	0.23	0.078	NA	0.026	NA	2.1	0	4.1	0.024	0.031	0.806	0.153	0.025	NA	6	24	224	NA	NA	0	117	NA	NA	0	NA	NA	132	NA	NA	NA	3	0	NA	0	0.009	0.015	0.016	0.026	0.028	0.009	0.011	0.018	0.014	0.021	0.017	0.012	0.027	0.415	0.054	0.02	0.017	0.031
ec148	E	RP-G-4	RP	G	B	13	148	SB707	SA505	RP	13	16	peach	1	10	0.1	1.2	12.59	0.095313741	88.3	46	42	0.15	0.91	0.27	0.43	10.1	9.87	0.09009901	0.092198582	1.5	0.6	0.9	NA	NA	NA	8.39	4.76	1.95	1.53	0	0.08	0.06	0	NA	NA	NA	4	0.34	8	22	122	13	0.23	0.078	NA	0.026	NA	2.1	0	4.1	0.024	0.031	0.806	0.153	0.025	NA	6	24	224	NA	NA	0	117	NA	NA	0	NA	NA	132	NA	NA	NA	3	0	NA	0	0.009	0.015	0.016	0.026	0.028	0.009	0.011	0.018	0.014	0.021	0.017	0.012	0.027	0.415	0.054	0.02	0.017	0.031
ec149	E	RP-G-6	RP	G	B	13	149	SB707	SA504	RP	13	16	peach	1	10	0.1	1.2	12.59	0.095313741	88.3	46	42	0.15	0.91	0.27	0.43	10.1	9.87	0.09009901	0.092198582	1.5	0.6	0.9	NA	NA	NA	8.39	4.76	1.95	1.53	0	0.08	0.06	0	NA	NA	NA	4	0.34	8	22	122	13	0.23	0.078	NA	0.026	NA	2.1	0	4.1	0.024	0.031	0.806	0.153	0.025	NA	6	24	224	NA	NA	0	117	NA	NA	0	NA	NA	132	NA	NA	NA	3	0	NA	0	0.009	0.015	0.016	0.026	0.028	0.009	0.011	0.018	0.014	0.021	0.017	0.012	0.027	0.415	0.054	0.02	0.017	0.031
ec179	E	RP-G-10	RP	G	D	13	179	SB711	SA506	RP	13	16	peach	1	10	0.1	1.2	12.59	0.095313741	88.3	46	42	0.15	0.91	0.27	0.43	10.1	9.87	0.09009901	0.092198582	1.5	0.6	0.9	NA	NA	NA	8.39	4.76	1.95	1.53	0	0.08	0.06	0	NA	NA	NA	4	0.34	8	22	122	13	0.23	0.078	NA	0.026	NA	2.1	0	4.1	0.024	0.031	0.806	0.153	0.025	NA	6	24	224	NA	NA	0	117	NA	NA	0	NA	NA	132	NA	NA	NA	3	0	NA	0	0.009	0.015	0.016	0.026	0.028	0.009	0.011	0.018	0.014	0.021	0.017	0.012	0.027	0.415	0.054	0.02	0.017	0.031
ec164	E	RR-G-8	RR	G	C	17	164	SB709	SA505	PR	17	7	pear	0	15	0	0.54	21.91	0.02464628	84.1	63	57	0.06	0.38	0.16	0.3	15.1	NA	0.025165563	NA	3.1	0.3	2.8	NA	NA	NA	9.69	0.43	2.5	6.76	0	0	0	NA	NA	NA	NA	8	0.17	5.7	10	87	7	0.07	0.07	NA	0.032	NA	0.2	0	4.4	0.012	0.026	0.164	0.042	0.026	NA	6	1	8	NA	NA	0	3	NA	NA	0	NA	NA	48	NA	NA	NA	3.8	0	NA	0	0.002	0.013	0.014	0.023	0.021	0.002	0.002	0.013	0.002	0.019	0.012	0.002	0.016	0.104	0.036	0.015	0.017	0.016
ec108	E	SP-AX-1	SP	AX	A	7	108	SB702	SA505	SP	7	9	spaghetti squash	1	7	0.142857143	NA	NA	NA	NA	NA	NA	NA	NA	NA	NA	NA	NA	NA	NA	NA	NA	NA	NA	NA	NA	NA	NA	NA	NA	NA	NA	NA	NA	NA	NA	NA	NA	NA	NA	NA	NA	NA	NA	NA	NA	NA	NA	NA	NA	NA	NA	NA	NA	NA	NA	NA	NA	NA	NA	NA	NA	NA	NA	NA	NA	NA	NA	NA	NA	NA	NA	NA	NA	NA	NA	NA	NA	NA	NA	NA	NA	NA	NA	NA	NA	NA	NA	NA	NA	NA	NA	NA	NA	NA
ec121	E	SP-G-5	SP	G	B	7	121	SB704	SA508	SP	7	9	spaghetti squash	1	7	0.142857143	NA	NA	NA	NA	NA	NA	NA	NA	NA	NA	NA	NA	NA	NA	NA	NA	NA	NA	NA	NA	NA	NA	NA	NA	NA	NA	NA	NA	NA	NA	NA	NA	NA	NA	NA	NA	NA	NA	NA	NA	NA	NA	NA	NA	NA	NA	NA	NA	NA	NA	NA	NA	NA	NA	NA	NA	NA	NA	NA	NA	NA	NA	NA	NA	NA	NA	NA	NA	NA	NA	NA	NA	NA	NA	NA	NA	NA	NA	NA	NA	NA	NA	NA	NA	NA	NA	NA	NA	NA
ec122	E	SP-G-6	SP	G	B	7	122	SB704	SA507	SP	7	9	spaghetti squash	1	7	0.142857143	NA	NA	NA	NA	NA	NA	NA	NA	NA	NA	NA	NA	NA	NA	NA	NA	NA	NA	NA	NA	NA	NA	NA	NA	NA	NA	NA	NA	NA	NA	NA	NA	NA	NA	NA	NA	NA	NA	NA	NA	NA	NA	NA	NA	NA	NA	NA	NA	NA	NA	NA	NA	NA	NA	NA	NA	NA	NA	NA	NA	NA	NA	NA	NA	NA	NA	NA	NA	NA	NA	NA	NA	NA	NA	NA	NA	NA	NA	NA	NA	NA	NA	NA	NA	NA	NA	NA	NA	NA
ec135	E	SP-AX-4	SP	AX	B	7	135	SB705	SA502	SP	7	9	spaghetti squash	1	7	0.142857143	NA	NA	NA	NA	NA	NA	NA	NA	NA	NA	NA	NA	NA	NA	NA	NA	NA	NA	NA	NA	NA	NA	NA	NA	NA	NA	NA	NA	NA	NA	NA	NA	NA	NA	NA	NA	NA	NA	NA	NA	NA	NA	NA	NA	NA	NA	NA	NA	NA	NA	NA	NA	NA	NA	NA	NA	NA	NA	NA	NA	NA	NA	NA	NA	NA	NA	NA	NA	NA	NA	NA	NA	NA	NA	NA	NA	NA	NA	NA	NA	NA	NA	NA	NA	NA	NA	NA	NA	NA
ec145	E	SP-AX-4	SP	AX	B	7	145	SB707	SA508	SP	7	9	spaghetti squash	1	7	0.142857143	NA	NA	NA	NA	NA	NA	NA	NA	NA	NA	NA	NA	NA	NA	NA	NA	NA	NA	NA	NA	NA	NA	NA	NA	NA	NA	NA	NA	NA	NA	NA	NA	NA	NA	NA	NA	NA	NA	NA	NA	NA	NA	NA	NA	NA	NA	NA	NA	NA	NA	NA	NA	NA	NA	NA	NA	NA	NA	NA	NA	NA	NA	NA	NA	NA	NA	NA	NA	NA	NA	NA	NA	NA	NA	NA	NA	NA	NA	NA	NA	NA	NA	NA	NA	NA	NA	NA	NA	NA
ec153	E	SP-G-7	SP	G	C	7	153	SB708	SA508	SP	7	9	spaghetti squash	1	7	0.142857143	NA	NA	NA	NA	NA	NA	NA	NA	NA	NA	NA	NA	NA	NA	NA	NA	NA	NA	NA	NA	NA	NA	NA	NA	NA	NA	NA	NA	NA	NA	NA	NA	NA	NA	NA	NA	NA	NA	NA	NA	NA	NA	NA	NA	NA	NA	NA	NA	NA	NA	NA	NA	NA	NA	NA	NA	NA	NA	NA	NA	NA	NA	NA	NA	NA	NA	NA	NA	NA	NA	NA	NA	NA	NA	NA	NA	NA	NA	NA	NA	NA	NA	NA	NA	NA	NA	NA	NA	NA
ec154	E	SP-G-8	SP	G	C	7	154	SB708	SA507	SP	7	9	spaghetti squash	1	7	0.142857143	NA	NA	NA	NA	NA	NA	NA	NA	NA	NA	NA	NA	NA	NA	NA	NA	NA	NA	NA	NA	NA	NA	NA	NA	NA	NA	NA	NA	NA	NA	NA	NA	NA	NA	NA	NA	NA	NA	NA	NA	NA	NA	NA	NA	NA	NA	NA	NA	NA	NA	NA	NA	NA	NA	NA	NA	NA	NA	NA	NA	NA	NA	NA	NA	NA	NA	NA	NA	NA	NA	NA	NA	NA	NA	NA	NA	NA	NA	NA	NA	NA	NA	NA	NA	NA	NA	NA	NA	NA
ec155	E	SP-G-9	SP	G	C	7	155	SB708	SA506	SP	7	9	spaghetti squash	1	7	0.142857143	NA	NA	NA	NA	NA	NA	NA	NA	NA	NA	NA	NA	NA	NA	NA	NA	NA	NA	NA	NA	NA	NA	NA	NA	NA	NA	NA	NA	NA	NA	NA	NA	NA	NA	NA	NA	NA	NA	NA	NA	NA	NA	NA	NA	NA	NA	NA	NA	NA	NA	NA	NA	NA	NA	NA	NA	NA	NA	NA	NA	NA	NA	NA	NA	NA	NA	NA	NA	NA	NA	NA	NA	NA	NA	NA	NA	NA	NA	NA	NA	NA	NA	NA	NA	NA	NA	NA	NA	NA
ec168	E	SP-G-10	SP	G	D	7	168	SB709	SA501	SP	7	9	spaghetti squash	1	7	0.142857143	NA	NA	NA	NA	NA	NA	NA	NA	NA	NA	NA	NA	NA	NA	NA	NA	NA	NA	NA	NA	NA	NA	NA	NA	NA	NA	NA	NA	NA	NA	NA	NA	NA	NA	NA	NA	NA	NA	NA	NA	NA	NA	NA	NA	NA	NA	NA	NA	NA	NA	NA	NA	NA	NA	NA	NA	NA	NA	NA	NA	NA	NA	NA	NA	NA	NA	NA	NA	NA	NA	NA	NA	NA	NA	NA	NA	NA	NA	NA	NA	NA	NA	NA	NA	NA	NA	NA	NA	NA
ec169	E	SP-G-11	SP	G	D	7	169	SB710	SA508	SP	7	9	spaghetti squash	1	7	0.142857143	NA	NA	NA	NA	NA	NA	NA	NA	NA	NA	NA	NA	NA	NA	NA	NA	NA	NA	NA	NA	NA	NA	NA	NA	NA	NA	NA	NA	NA	NA	NA	NA	NA	NA	NA	NA	NA	NA	NA	NA	NA	NA	NA	NA	NA	NA	NA	NA	NA	NA	NA	NA	NA	NA	NA	NA	NA	NA	NA	NA	NA	NA	NA	NA	NA	NA	NA	NA	NA	NA	NA	NA	NA	NA	NA	NA	NA	NA	NA	NA	NA	NA	NA	NA	NA	NA	NA	NA	NA
ec170	E	SP-G-12	SP	G	D	7	170	SB710	SA507	SP	7	9	spaghetti squash	1	7	0.142857143	NA	NA	NA	NA	NA	NA	NA	NA	NA	NA	NA	NA	NA	NA	NA	NA	NA	NA	NA	NA	NA	NA	NA	NA	NA	NA	NA	NA	NA	NA	NA	NA	NA	NA	NA	NA	NA	NA	NA	NA	NA	NA	NA	NA	NA	NA	NA	NA	NA	NA	NA	NA	NA	NA	NA	NA	NA	NA	NA	NA	NA	NA	NA	NA	NA	NA	NA	NA	NA	NA	NA	NA	NA	NA	NA	NA	NA	NA	NA	NA	NA	NA	NA	NA	NA	NA	NA	NA	NA